{"daily_ok": 1783435503.7201293, "down": 1783881005.5878577}