{"daily_ok": 1783435503.7201293, "down": 1784244605.578472}