{"daily_ok": 1783435503.7201293, "down": 1784838604.4925003}