{"daily_ok": 1783435503.7201293, "down": 1784608204.0245507}