{"daily_ok": 1783435503.7201293, "down": 1783710002.3642983}