{"daily_ok": 1783435503.7201293, "down": 1784000703.4910908}