{"daily_ok": 1783435503.7201293, "down": 1783636205.8991554}