{"daily_ok": 1783435503.7201293, "down": 1783704605.1504607}