{"daily_ok": 1783435503.7201293, "down": 1784382302.3987815}