{"daily_ok": 1783435503.7201293, "down": 1783949405.0564723}