{"daily_ok": 1783435503.7201293, "down": 1783603806.2511647}