{"daily_ok": 1783435503.7201293, "down": 1784595602.1778283}