{"daily_ok": 1783435503.7201293, "down": 1783467005.2539954}