{"daily_ok": 1783435503.7201293, "down": 1784467804.2756543}