{"daily_ok": 1783435503.7201293, "down": 1784134802.5568774}