{"daily_ok": 1783435503.7201293, "down": 1784853902.3893232}