{"daily_ok": 1783435503.7201293, "down": 1783893605.0350428}