{"daily_ok": 1783435503.7201293, "down": 1784479502.8446565}