{"daily_ok": 1783435503.7201293, "down": 1783594803.0503983}