{"daily_ok": 1783435503.7201293, "down": 1783601102.7544873}