{"daily_ok": 1783435503.7201293, "down": 1783836003.5826433}