{"daily_ok": 1783435503.7201293, "down": 1784529902.1364682}