{"daily_ok": 1783435503.7201293, "down": 1783758604.4972298}