{"daily_ok": 1783435503.7201293, "down": 1784743203.0766597}