{"daily_ok": 1783435503.7201293, "down": 1784901603.1262734}