{"daily_ok": 1783435503.7201293, "down": 1783501202.7084737}