{"daily_ok": 1783435503.7201293, "down": 1784311203.4959877}