{"daily_ok": 1783435503.7201293, "down": 1783539006.5933194}