{"daily_ok": 1783435503.7201293, "down": 1784896203.7974503}