{"daily_ok": 1783435503.7201293, "down": 1783816204.7632709}