{"daily_ok": 1783435503.7201293, "down": 1783669502.8453279}