{"daily_ok": 1783435503.7201293, "down": 1784271602.7857215}