{"daily_ok": 1783435503.7201293, "down": 1784356203.8222654}