{"daily_ok": 1783435503.7201293, "down": 1783515603.524203}