{"daily_ok": 1783435503.7201293, "down": 1784720703.2127976}