{"daily_ok": 1783435503.7201293, "down": 1783918802.2751563}