{"daily_ok": 1783435503.7201293, "down": 1783843204.1002421}