{"daily_ok": 1783435503.7201293, "down": 1783800002.8844392}