{"daily_ok": 1783435503.7201293, "down": 1783773004.3741512}