{"daily_ok": 1783435503.7201293, "down": 1784257202.670879}