{"daily_ok": 1783435503.7201293, "down": 1784251804.8864145}