{"daily_ok": 1783435503.7201293, "down": 1784215804.290361}