{"daily_ok": 1783435503.7201293, "down": 1784716204.551269}