{"daily_ok": 1783435503.7201293, "down": 1784075404.1084762}