{"daily_ok": 1783435503.7201293, "down": 1784141102.5651932}