{"daily_ok": 1783435503.7201293, "down": 1784673902.6399584}