{"daily_ok": 1783435503.7201293, "down": 1784172604.1778002}